controller,rtt_ms,loss_pct,rate_mbps,cwnd,inflight,bodies,queue_bytes,dropped
PPO AGENT (trained RL),76.6,0.0,0.113,7231,940,60,470,0
PPO AGENT (trained RL),73.5,0.0,0.11,5000,940,60,470,0
PPO AGENT (trained RL),72.1,0.0,0.11,5000,940,60,470,0
PPO AGENT (trained RL),73.7,0.0,0.212,5000,2620,180,1310,0
PPO AGENT (trained RL),72.3,0.0,0.424,5000,4300,300,4300,0
PPO AGENT (trained RL),76.8,0.0,0.48,5000,5980,420,2990,0
PPO AGENT (trained RL),88.7,0.0,0.489,5000,7660,540,3830,0
PPO AGENT (trained RL),94.6,0.0,0.493,5000,9200,660,4670,0
PPO AGENT (trained RL),103.6,0.0,0.343,5000,5370,780,5370,0
PPO AGENT (trained RL),120.1,0.0,0.226,5000,5930,840,5930,0
PPO AGENT (trained RL),133.9,0.0,0.233,5000,6490,920,6490,0
PPO AGENT (trained RL),148.2,0.0,0.211,5000,6770,960,6770,0
PPO AGENT (trained RL),167.7,0.0,0.162,5000,7050,1000,7050,0
PPO AGENT (trained RL),179.8,0.0,0.166,5000,7050,1000,0,0
BLIND (no control),192.7,0.0,0.574,10000000,21138,1000,14092,0
BLIND (no control),196.2,0.0,0.546,10000000,21138,1000,14092,0
BLIND (no control),206.7,0.0,0.554,10000000,21138,1000,14092,0
BLIND (no control),208.2,0.0,0.546,10000000,21138,1000,14092,0
BLIND (no control),202.7,0.0,0.554,10000000,21138,1000,14092,0
BLIND (no control),215.4,0.0,0.514,10000000,21138,1000,14092,0
BLIND (no control),200.9,0.0,0.574,10000000,21138,1000,14092,0
BLIND (no control),209.8,0.0,0.537,10000000,21138,1000,14092,0
BLIND (no control),206.5,0.0,0.554,10000000,21138,1000,14092,0
BLIND (no control),198.0,0.0,0.574,10000000,21138,1000,14092,0
BLIND (no control),199.7,0.0,0.563,10000000,21138,1000,14092,0
BLIND (no control),208.0,0.0,0.514,10000000,21138,1000,14092,0
BLIND (no control),213.6,0.0,0.515,10000000,21138,1000,14092,0
BLIND (no control),221.9,0.0,0.514,10000000,21138,1000,14092,0
BLIND (no control),198.4,0.0,0.582,10000000,21138,1000,14092,0
BLIND (no control),211.7,0.0,0.506,10000000,21138,1000,14092,0
BLIND (no control),203.6,0.0,0.563,10000000,21138,1000,14092,0
BLIND (no control),198.4,0.0,0.574,10000000,21138,1000,14092,0
BLIND (no control),199.2,0.0,0.554,10000000,21138,1000,14092,0
BLIND (no control),208.8,0.0,0.529,10000000,21138,1000,14092,0
BLIND (no control),205.3,0.0,0.546,10000000,21138,1000,14092,0
BLIND (no control),204.0,0.0,0.546,10000000,21138,1000,14092,0
BLIND (no control),219.7,0.0,0.521,10000000,21138,1000,14092,0
BLIND (no control),204.4,0.0,0.554,10000000,21138,1000,14092,0
BLIND (no control),202.4,0.0,0.566,10000000,21138,1000,14092,0
BLIND (no control),202.1,0.0,0.563,10000000,21138,1000,14092,0
BLIND (no control),196.7,0.0,0.574,10000000,21138,1000,14092,0
BLIND (no control),199.7,0.0,0.563,10000000,21138,1000,14092,0
BLIND (no control),198.6,0.0,0.566,10000000,21138,1000,14092,0
BLIND (no control),199.7,0.0,0.563,10000000,21138,1000,14092,0
BLIND (no control),203.3,0.0,0.546,10000000,21138,1000,14092,0
BLIND (no control),203.7,0.0,0.554,10000000,21138,1000,14092,0
BLIND (no control),213.1,0.0,0.522,10000000,21138,1000,14092,0
BLIND (no control),210.2,0.0,0.554,10000000,21138,1000,14092,0
BLIND (no control),206.5,0.0,0.537,10000000,21138,1000,14092,0
BLIND (no control),221.3,0.0,0.498,10000000,21138,1000,14092,0
BLIND (no control),216.7,0.0,0.522,10000000,21138,1000,14092,0
BLIND (no control),223.3,0.0,0.498,10000000,21138,1000,14092,0
BLIND (no control),213.9,0.0,0.53,10000000,21138,1000,14092,0
BLIND (no control),193.6,0.0,0.582,10000000,21138,1000,14092,0
BLIND (no control),206.8,0.0,0.53,10000000,21138,1000,14092,0
BLIND (no control),201.4,0.0,0.554,10000000,21138,1000,14092,0
BLIND (no control),213.0,0.0,0.514,10000000,21138,1000,14092,0
BLIND (no control),204.5,0.0,0.554,10000000,21138,1000,14092,0
BLIND (no control),211.8,0.0,0.522,10000000,21138,1000,14092,0
BLIND (no control),206.1,0.0,0.545,10000000,21138,1000,14092,0
BLIND (no control),211.8,0.0,0.538,10000000,21138,1000,14092,0
BLIND (no control),207.8,0.0,0.545,10000000,21138,1000,14092,0
BLIND (no control),198.4,0.0,0.558,10000000,21138,1000,14092,0
BLIND (no control),211.8,0.0,0.514,10000000,21138,1000,14092,0
BLIND (no control),205.3,0.0,0.563,10000000,21138,1000,14092,0
BLIND (no control),207.3,0.0,0.53,10000000,21138,1000,14092,0
BLIND (no control),204.9,0.0,0.554,10000000,21138,1000,14092,0
BLIND (no control),203.8,0.0,0.546,10000000,21138,1000,14092,0
BLIND (no control),196.9,0.0,0.591,10000000,21138,1000,14092,0
BLIND (no control),206.4,0.0,0.529,10000000,21138,1000,14092,0
BLIND (no control),204.3,0.0,0.546,10000000,21138,1000,14092,0
BLIND (no control),207.8,0.0,0.537,10000000,21138,1000,14092,0
BLIND (no control),204.4,0.0,0.563,10000000,21138,1000,14092,0
BLIND (no control),203.7,0.0,0.546,10000000,21138,1000,14092,0
BLIND (no control),194.5,0.0,0.6,10000000,21138,1000,14092,0
BLIND (no control),196.8,0.0,0.554,10000000,21138,1000,14092,0
BLIND (no control),196.9,0.0,0.563,10000000,21138,1000,14092,0
BLIND (no control),201.2,0.0,0.563,10000000,21138,1000,14092,0
BLIND (no control),205.0,0.0,0.546,10000000,21138,1000,14092,0
BLIND (no control),194.9,0.0,0.582,10000000,21138,1000,14092,0
BLIND (no control),203.4,0.0,0.546,10000000,21138,1000,14092,0
BLIND (no control),190.5,0.0,0.591,10000000,21138,1000,14092,0
BLIND (no control),195.6,0.0,0.563,10000000,21138,1000,14092,0
BLIND (no control),201.3,0.0,0.546,10000000,21138,1000,14092,0
BLIND (no control),199.6,0.0,0.563,10000000,21138,1000,14092,0
BLIND (no control),205.0,0.0,0.537,10000000,21138,1000,14092,0
BLIND (no control),202.1,0.0,0.546,10000000,21138,1000,14092,0
BLIND (no control),209.0,0.0,0.554,10000000,21138,1000,14092,0
BLIND (no control),194.9,0.0,0.591,10000000,21138,1000,14092,0
BLIND (no control),193.3,0.0,0.574,10000000,21138,1000,14092,0
BLIND (no control),205.5,0.0,0.546,10000000,21138,1000,14092,0
BLIND (no control),211.1,0.0,0.537,10000000,21138,1000,14092,0
BLIND (no control),208.0,0.0,0.554,10000000,21138,1000,14092,0
BLIND (no control),215.7,0.0,0.506,10000000,21138,1000,14092,0
BLIND (no control),215.0,0.0,0.529,10000000,21138,1000,14092,0
BLIND (no control),207.2,0.0,0.546,10000000,21138,1000,14092,0
BLIND (no control),205.0,0.0,0.563,10000000,21138,1000,14092,0
BLIND (no control),191.6,0.0,0.6,10000000,21138,1000,14092,0
BLIND (no control),191.0,0.0,0.582,10000000,21138,1000,14092,0
BLIND (no control),199.7,0.0,0.563,10000000,21138,1000,14092,0
BLIND (no control),213.5,0.0,0.522,10000000,21138,1000,14092,0
BLIND (no control),206.4,0.0,0.554,10000000,21138,1000,14092,0
BLIND (no control),207.6,0.0,0.537,10000000,21138,1000,14092,0
BLIND (no control),209.2,0.0,0.538,10000000,21138,1000,14092,0
BLIND (no control),212.2,0.0,0.529,10000000,21138,1000,14092,0
BLIND (no control),205.6,0.0,0.563,10000000,21138,1000,14092,0
BLIND (no control),198.2,0.0,0.563,10000000,21138,1000,14092,0
BLIND (no control),201.3,0.0,0.554,10000000,21138,1000,14092,0
BLIND (no control),200.4,0.0,0.583,10000000,21138,1000,14092,0
BLIND (no control),195.3,0.0,0.558,10000000,21138,1000,14092,0
BLIND (no control),201.4,0.0,0.554,10000000,21138,1000,14092,0
BLIND (no control),203.9,0.0,0.554,10000000,21138,1000,14092,0
BLIND (no control),209.0,0.0,0.546,10000000,21138,1000,14092,0
BLIND (no control),202.7,0.0,0.546,10000000,21138,1000,14092,0
BLIND (no control),206.1,0.0,0.554,10000000,21138,1000,14092,0
BLIND (no control),197.3,0.0,0.583,10000000,21138,1000,14092,0
BLIND (no control),201.1,0.0,0.545,10000000,21138,1000,14092,0
BLIND (no control),197.1,0.0,0.563,10000000,21138,1000,14092,0
BLIND (no control),199.6,0.0,0.563,10000000,21138,1000,14092,0
BLIND (no control),196.8,0.0,0.574,10000000,21138,1000,14092,0
BLIND (no control),203.3,0.0,0.546,10000000,21138,1000,14092,0
BLIND (no control),208.6,0.0,0.522,10000000,21138,1000,14092,0
BLIND (no control),207.1,0.0,0.546,10000000,21138,1000,14092,0
BLIND (no control),206.2,0.0,0.554,10000000,21138,1000,14092,0
BLIND (no control),197.4,0.0,0.566,10000000,21138,1000,14092,0
BLIND (no control),200.6,0.0,0.554,10000000,21138,1000,14092,0
BLIND (no control),197.3,0.0,0.574,10000000,21138,1000,14092,0
BLIND (no control),200.9,0.0,0.563,10000000,21138,1000,14092,0
BLIND (no control),197.1,0.0,0.563,10000000,21138,1000,14092,0
BLIND (no control),204.9,0.0,0.554,10000000,21138,1000,14092,0
BLIND (no control),195.3,0.0,0.566,10000000,21138,1000,14092,0
BLIND (no control),206.9,0.0,0.53,10000000,21138,1000,14092,0
BLIND (no control),212.9,0.0,0.522,10000000,21138,1000,14092,0
BLIND (no control),216.1,0.0,0.529,10000000,21138,1000,14092,0
BLIND (no control),208.7,0.0,0.53,10000000,21138,1000,14092,0
BLIND (no control),209.4,0.0,0.545,10000000,21138,1000,14092,0
BLIND (no control),206.0,0.0,0.554,10000000,21138,1000,14092,0
BLIND (no control),204.5,0.0,0.529,10000000,21138,1000,14092,0
BLIND (no control),203.4,0.0,0.563,10000000,21138,1000,14092,0
BLIND (no control),198.7,0.0,0.563,10000000,21138,1000,14092,0
BLIND (no control),204.2,0.0,0.537,10000000,21138,1000,14092,0
BLIND (no control),207.3,0.0,0.537,10000000,21138,1000,14092,0
BLIND (no control),203.7,0.0,0.546,10000000,21138,1000,14092,0
BLIND (no control),204.8,0.0,0.546,10000000,21138,1000,14092,0
BLIND (no control),203.5,0.0,0.563,10000000,21138,1000,14092,0
BLIND (no control),200.2,0.0,0.554,10000000,21138,1000,14092,0
BLIND (no control),207.2,0.0,0.537,10000000,21138,1000,14092,0
BLIND (no control),192.4,0.0,0.6,10000000,21138,1000,14092,0
BLIND (no control),197.2,0.0,0.583,10000000,21138,1000,14092,0
BLIND (no control),210.4,0.0,0.514,10000000,21138,1000,14092,0
BLIND (no control),233.9,0.0,0.463,10000000,21138,1000,14092,0
BLIND (no control),231.4,0.0,0.491,10000000,21138,1000,14092,0
CUBIC-like (loss-based),220.5,0.0,0.514,21500,21153,1000,14102,0
CUBIC-like (loss-based),218.0,0.0,0.522,26500,21153,1000,14102,0
CUBIC-like (loss-based),215.0,0.0,0.53,31500,21153,1000,14102,0
CUBIC-like (loss-based),214.2,0.0,0.522,36500,21153,1000,14102,0
CUBIC-like (loss-based),212.3,0.0,0.53,41500,21153,1000,14102,0
CUBIC-like (loss-based),220.1,0.0,0.507,46000,21153,1000,14102,0
CUBIC-like (loss-based),233.9,0.0,0.45,50500,21153,1000,14102,0
CUBIC-like (loss-based),275.6,0.0,0.376,54000,21153,1000,14102,0
CUBIC-like (loss-based),311.6,0.0,0.328,57000,21153,1000,14102,0
CUBIC-like (loss-based),290.6,0.0,0.406,61000,21153,1000,14102,0
CUBIC-like (loss-based),250.2,0.0,0.477,65500,21153,1000,14102,0
CUBIC-like (loss-based),231.4,0.0,0.507,70000,21153,1000,14102,0
CUBIC-like (loss-based),231.9,0.0,0.491,74500,21153,1000,14102,0
CUBIC-like (loss-based),199.3,0.0,0.583,80000,21153,1000,14102,0
CUBIC-like (loss-based),204.2,0.0,0.555,85000,21153,1000,14102,0
CUBIC-like (loss-based),201.0,0.0,0.554,90000,21153,1000,14102,0
CUBIC-like (loss-based),201.5,0.0,0.554,95000,21153,1000,14102,0
CUBIC-like (loss-based),205.2,0.0,0.546,100000,21153,1000,14102,0
CUBIC-like (loss-based),203.8,0.0,0.554,105000,21153,1000,14102,0
CUBIC-like (loss-based),211.3,0.0,0.538,110000,21153,1000,14102,0
CUBIC-like (loss-based),207.1,0.0,0.546,115000,21153,1000,14102,0
CUBIC-like (loss-based),206.5,0.0,0.546,120000,21153,1000,14102,0
CUBIC-like (loss-based),202.0,0.0,0.554,125000,21153,1000,14102,0
CUBIC-like (loss-based),197.8,0.0,0.563,130000,21153,1000,14102,0
CUBIC-like (loss-based),212.2,0.0,0.507,134500,21153,1000,14102,0
CUBIC-like (loss-based),213.9,0.0,0.522,139500,21153,1000,14102,0
CUBIC-like (loss-based),210.2,0.0,0.538,144500,21153,1000,14102,0
CUBIC-like (loss-based),204.6,0.0,0.555,149500,21153,1000,14102,0
CUBIC-like (loss-based),201.4,0.0,0.563,154500,21153,1000,14102,0
CUBIC-like (loss-based),206.1,0.0,0.554,159500,21153,1000,14102,0
CUBIC-like (loss-based),214.7,0.0,0.507,164000,21153,1000,14102,0
CUBIC-like (loss-based),200.2,0.0,0.575,169500,21153,1000,14102,0
CUBIC-like (loss-based),205.5,0.0,0.554,174500,21153,1000,14102,0
CUBIC-like (loss-based),204.8,0.0,0.546,179500,21153,1000,14102,0
CUBIC-like (loss-based),208.4,0.0,0.53,184500,21153,1000,14102,0
CUBIC-like (loss-based),206.6,0.0,0.546,189500,21153,1000,14102,0
CUBIC-like (loss-based),202.3,0.0,0.563,194500,21153,1000,14102,0
CUBIC-like (loss-based),218.4,0.0,0.507,199000,21153,1000,14102,0
CUBIC-like (loss-based),210.9,0.0,0.53,204000,21153,1000,14102,0
CUBIC-like (loss-based),205.7,0.0,0.563,209000,21153,1000,14102,0
CUBIC-like (loss-based),213.8,0.0,0.515,214000,21153,1000,14102,0
CUBIC-like (loss-based),200.3,0.0,0.575,219500,21153,1000,14102,0
CUBIC-like (loss-based),206.6,0.0,0.546,224500,21153,1000,14102,0
CUBIC-like (loss-based),203.7,0.0,0.546,229500,21153,1000,14102,0
CUBIC-like (loss-based),214.8,0.0,0.522,234500,21153,1000,14102,0
CUBIC-like (loss-based),209.7,0.0,0.538,239500,21153,1000,14102,0
CUBIC-like (loss-based),216.7,0.0,0.53,244500,21153,1000,14102,0
CUBIC-like (loss-based),212.2,0.0,0.538,249500,21153,1000,14102,0
CUBIC-like (loss-based),211.1,0.0,0.546,254500,21153,1000,14102,0
CUBIC-like (loss-based),197.3,0.0,0.563,259500,21153,1000,14102,0
CUBIC-like (loss-based),206.0,0.0,0.563,264500,21153,1000,14102,0
CUBIC-like (loss-based),199.9,0.0,0.554,269500,21153,1000,14102,0
CUBIC-like (loss-based),207.0,0.0,0.538,274500,21153,1000,14102,0
CUBIC-like (loss-based),202.2,0.0,0.575,280000,21153,1000,14102,0
CUBIC-like (loss-based),206.5,0.0,0.546,285000,21153,1000,14102,0
CUBIC-like (loss-based),207.3,0.0,0.538,290000,21153,1000,14102,0
CUBIC-like (loss-based),208.3,0.0,0.538,295000,21153,1000,14102,0
CUBIC-like (loss-based),198.6,0.0,0.567,300500,21153,1000,14102,0
CUBIC-like (loss-based),202.7,0.0,0.546,305500,21153,1000,14102,0
CUBIC-like (loss-based),200.6,0.0,0.563,310500,21153,1000,14102,0
CUBIC-like (loss-based),208.5,0.0,0.53,315500,21153,1000,14102,0
CUBIC-like (loss-based),210.4,0.0,0.53,320500,21153,1000,14102,0
CUBIC-like (loss-based),207.0,0.0,0.555,325500,21153,1000,14102,0
CUBIC-like (loss-based),200.4,0.0,0.563,330500,21153,1000,14102,0
CUBIC-like (loss-based),208.0,0.0,0.522,335500,21153,1000,14102,0
CUBIC-like (loss-based),206.2,0.0,0.563,340500,21153,1000,14102,0
CUBIC-like (loss-based),205.9,0.0,0.53,345500,21153,1000,14102,0
CUBIC-like (loss-based),206.7,0.0,0.546,350500,21153,1000,14102,0
CUBIC-like (loss-based),198.2,0.0,0.583,356000,21153,1000,14102,0
CUBIC-like (loss-based),200.7,0.0,0.546,361000,21153,1000,14102,0
CUBIC-like (loss-based),207.5,0.0,0.53,366000,21153,1000,14102,0
CUBIC-like (loss-based),203.5,0.0,0.554,371000,21153,1000,14102,0
CUBIC-like (loss-based),203.9,0.0,0.554,376000,21153,1000,14102,0
CUBIC-like (loss-based),205.0,0.0,0.555,381000,21153,1000,14102,0
CUBIC-like (loss-based),199.5,0.0,0.575,386500,21153,1000,14102,0
CUBIC-like (loss-based),209.9,0.0,0.515,391500,21153,1000,14102,0
CUBIC-like (loss-based),197.0,0.0,0.583,397000,21153,1000,14102,0
CUBIC-like (loss-based),210.2,0.0,0.53,402000,21153,1000,14102,0
CUBIC-like (loss-based),197.2,0.0,0.592,407500,21153,1000,14102,0
CUBIC-like (loss-based),200.0,0.0,0.563,412500,21153,1000,14102,0
CUBIC-like (loss-based),200.4,0.0,0.554,417500,21153,1000,14102,0
CUBIC-like (loss-based),196.9,0.0,0.567,423000,21153,1000,14102,0
CUBIC-like (loss-based),203.4,0.0,0.554,428000,21153,1000,14102,0
CUBIC-like (loss-based),209.7,0.0,0.522,433000,21153,1000,14102,0
CUBIC-like (loss-based),201.2,0.0,0.583,438500,21153,1000,14102,0
CUBIC-like (loss-based),199.9,0.0,0.555,443500,21153,1000,14102,0
CUBIC-like (loss-based),202.4,0.0,0.554,448500,21153,1000,14102,0
CUBIC-like (loss-based),212.2,0.0,0.522,453500,21153,1000,14102,0
CUBIC-like (loss-based),206.9,0.0,0.554,458500,21153,1000,14102,0
CUBIC-like (loss-based),205.5,0.0,0.555,463500,21153,1000,14102,0
CUBIC-like (loss-based),197.1,0.0,0.566,469000,21153,1000,14102,0
CUBIC-like (loss-based),200.8,0.0,0.554,474000,21153,1000,14102,0
CUBIC-like (loss-based),200.1,0.0,0.563,479000,21153,1000,14102,0
CUBIC-like (loss-based),204.4,0.0,0.563,484000,21153,1000,14102,0
CUBIC-like (loss-based),197.7,0.0,0.558,489500,21153,1000,14102,0
CUBIC-like (loss-based),205.3,0.0,0.554,494500,21153,1000,14102,0
CUBIC-like (loss-based),233.7,0.0,0.444,498500,21153,1000,14102,0
CUBIC-like (loss-based),232.6,0.0,0.477,503000,21153,1000,14102,0
CUBIC-like (loss-based),225.1,0.0,0.499,507500,21153,1000,14102,0
CUBIC-like (loss-based),210.1,0.0,0.563,512500,21153,1000,14102,0
CUBIC-like (loss-based),203.8,0.0,0.554,517500,21153,1000,14102,0
CUBIC-like (loss-based),206.0,0.0,0.53,522500,21153,1000,14102,0
CUBIC-like (loss-based),199.6,0.0,0.567,528000,21153,1000,14102,0
CUBIC-like (loss-based),196.2,0.0,0.563,533000,21153,1000,14102,0
CUBIC-like (loss-based),198.3,0.0,0.575,538500,21153,1000,14102,0
CUBIC-like (loss-based),205.5,0.0,0.538,543500,21153,1000,14102,0
CUBIC-like (loss-based),198.4,0.0,0.566,549000,21153,1000,14102,0
CUBIC-like (loss-based),196.5,0.0,0.566,554500,21153,1000,14102,0
CUBIC-like (loss-based),203.6,0.0,0.546,559500,21153,1000,14102,0
CUBIC-like (loss-based),201.7,0.0,0.554,564500,21153,1000,14102,0
CUBIC-like (loss-based),204.5,0.0,0.546,569500,21153,1000,14102,0
CUBIC-like (loss-based),205.0,0.0,0.554,574500,21153,1000,14102,0
CUBIC-like (loss-based),199.0,0.0,0.567,580000,21153,1000,14102,0
CUBIC-like (loss-based),206.4,0.0,0.546,585000,21153,1000,14102,0
CUBIC-like (loss-based),206.0,0.0,0.546,590000,21153,1000,14102,0
CUBIC-like (loss-based),205.3,0.0,0.555,595000,21153,1000,14102,0
CUBIC-like (loss-based),207.7,0.0,0.546,600000,21153,1000,14102,0
CUBIC-like (loss-based),205.5,0.0,0.555,605000,21153,1000,14102,0
CUBIC-like (loss-based),196.2,0.0,0.575,610500,21153,1000,14102,0
CUBIC-like (loss-based),200.9,0.0,0.554,615500,21153,1000,14102,0
CUBIC-like (loss-based),203.8,0.0,0.546,620500,21153,1000,14102,0
CUBIC-like (loss-based),211.6,0.0,0.538,625500,21153,1000,14102,0
CUBIC-like (loss-based),198.0,0.0,0.583,631000,21153,1000,14102,0
CUBIC-like (loss-based),197.3,0.0,0.592,636500,21153,1000,14102,0
CUBIC-like (loss-based),200.7,0.0,0.555,641500,21153,1000,14102,0
CUBIC-like (loss-based),197.7,0.0,0.575,647000,21153,1000,14102,0
CUBIC-like (loss-based),207.6,0.0,0.53,652000,21153,1000,14102,0
CUBIC-like (loss-based),206.0,0.0,0.563,657000,21153,1000,14102,0
CUBIC-like (loss-based),203.8,0.0,0.538,662000,21153,1000,14102,0
CUBIC-like (loss-based),202.1,0.0,0.563,667000,21153,1000,14102,0
CUBIC-like (loss-based),203.3,0.0,0.546,672000,21153,1000,14102,0
CUBIC-like (loss-based),208.6,0.0,0.538,677000,21153,1000,14102,0
CUBIC-like (loss-based),208.7,0.0,0.53,682000,21153,1000,14102,0
CUBIC-like (loss-based),193.7,0.0,0.566,687500,21153,1000,14102,0
CUBIC-like (loss-based),201.6,0.0,0.558,693000,21153,1000,14102,0
CUBIC-like (loss-based),219.2,0.0,0.507,697500,21153,1000,14102,0
CUBIC-like (loss-based),206.5,0.0,0.563,702500,21153,1000,14102,0
CUBIC-like (loss-based),198.7,0.0,0.566,708000,21153,1000,14102,0
CUBIC-like (loss-based),190.7,0.0,0.592,713500,21153,1000,14102,0
CUBIC-like (loss-based),192.0,0.0,0.575,719000,21153,1000,14102,0
CUBIC-like (loss-based),196.7,0.0,0.566,724500,21153,1000,14102,0
CUBIC-like (loss-based),197.8,0.0,0.558,730000,21153,1000,14102,0
CUBIC-like (loss-based),204.4,0.0,0.546,735000,21153,1000,14102,0
CUBIC-like (loss-based),199.5,0.0,0.583,740500,21153,1000,14102,0
CUBIC-like (loss-based),200.5,0.0,0.563,745500,21153,1000,14102,0
CUBIC-like (loss-based),241.9,0.0,0.443,749500,21153,1000,14102,0
CUBIC-like (loss-based),219.7,0.0,0.522,754500,21153,1000,14102,0
CUBIC-like (loss-based),206.1,0.0,0.563,759500,21153,1000,14102,0
CUBIC-like (loss-based),199.2,0.0,0.563,764500,21153,1000,14102,0
CUBIC-like (loss-based),206.7,0.0,0.522,769500,21153,1000,14102,0
CUBIC-like (loss-based),197.5,0.0,0.566,775000,21153,1000,14102,0
CUBIC-like (loss-based),208.6,0.0,0.546,780000,21153,1000,14102,0
DELAY-CC (latency-aware),216.0,0.0,0.457,13122,14104,1000,7052,0
DELAY-CC (latency-aware),215.7,0.0,0.269,5000,7052,1000,0,0
DELAY-CC (latency-aware),212.7,0.0,0.209,5000,7052,1000,7052,0
DELAY-CC (latency-aware),208.9,0.0,0.161,5000,7052,1000,7052,0
DELAY-CC (latency-aware),215.9,0.0,0.166,5000,7052,1000,7052,0
DELAY-CC (latency-aware),214.8,0.0,0.157,5000,7052,1000,0,0
DELAY-CC (latency-aware),217.5,0.0,0.212,5000,7052,1000,7052,0
DELAY-CC (latency-aware),222.7,0.0,0.169,5000,7052,1000,7052,0
DELAY-CC (latency-aware),221.4,0.0,0.157,5000,7052,1000,7052,0
DELAY-CC (latency-aware),217.2,0.0,0.162,5000,7052,1000,0,0
DELAY-CC (latency-aware),213.7,0.0,0.212,5000,7052,1000,7052,0
DELAY-CC (latency-aware),211.8,0.0,0.161,5000,7052,1000,7052,0
DELAY-CC (latency-aware),212.1,0.0,0.154,5000,7052,1000,0,0
DELAY-CC (latency-aware),204.4,0.0,0.209,5000,7052,1000,7052,0
DELAY-CC (latency-aware),205.8,0.0,0.166,5000,7052,1000,0,0
DELAY-CC (latency-aware),201.4,0.0,0.222,5000,7052,1000,7052,0
DELAY-CC (latency-aware),202.1,0.0,0.166,5000,7052,1000,7052,0
DELAY-CC (latency-aware),207.4,0.0,0.162,5000,7052,1000,0,0
DELAY-CC (latency-aware),207.1,0.0,0.225,5000,7052,1000,7052,0
DELAY-CC (latency-aware),210.9,0.0,0.161,5000,7052,1000,7052,0
DELAY-CC (latency-aware),212.3,0.0,0.159,5000,7052,1000,0,0
DELAY-CC (latency-aware),207.6,0.0,0.225,5000,7052,1000,7052,0
DELAY-CC (latency-aware),203.9,0.0,0.154,5000,7052,1000,0,0
DELAY-CC (latency-aware),206.6,0.0,0.222,5000,7052,1000,7052,0
DELAY-CC (latency-aware),207.2,0.0,0.169,5000,7052,1000,7052,0
DELAY-CC (latency-aware),209.5,0.0,0.166,5000,7052,1000,0,0
DELAY-CC (latency-aware),206.5,0.0,0.206,5000,7052,1000,7052,0
DELAY-CC (latency-aware),205.1,0.0,0.166,5000,7052,1000,0,0
DELAY-CC (latency-aware),209.7,0.0,0.218,5000,7052,1000,7052,0
DELAY-CC (latency-aware),209.6,0.0,0.164,5000,7052,1000,7052,0
DELAY-CC (latency-aware),212.5,0.0,0.159,5000,7052,1000,0,0
DELAY-CC (latency-aware),210.7,0.0,0.215,5000,7052,1000,7052,0
DELAY-CC (latency-aware),206.3,0.0,0.166,5000,7052,1000,7052,0
DELAY-CC (latency-aware),207.2,0.0,0.164,5000,7052,1000,0,0
DELAY-CC (latency-aware),209.2,0.0,0.212,5000,7052,1000,7052,0
DELAY-CC (latency-aware),208.2,0.0,0.161,5000,7052,1000,7052,0
DELAY-CC (latency-aware),211.2,0.0,0.161,5000,7052,1000,0,0
DELAY-CC (latency-aware),205.2,0.0,0.225,5000,7052,1000,7052,0
DELAY-CC (latency-aware),213.6,0.0,0.159,5000,7052,1000,7052,0
DELAY-CC (latency-aware),206.4,0.0,0.206,5000,7052,1000,7052,0
DELAY-CC (latency-aware),208.4,0.0,0.169,5000,7052,1000,7052,0
DELAY-CC (latency-aware),211.9,0.0,0.161,5000,7052,1000,7052,0
DELAY-CC (latency-aware),211.2,0.0,0.161,5000,7052,1000,0,0
DELAY-CC (latency-aware),209.5,0.0,0.225,5000,7052,1000,7052,0
DELAY-CC (latency-aware),210.9,0.0,0.159,5000,7052,1000,7052,0
DELAY-CC (latency-aware),204.9,0.0,0.169,5000,7052,1000,0,0
DELAY-CC (latency-aware),205.9,0.0,0.222,5000,7052,1000,7052,0
DELAY-CC (latency-aware),206.6,0.0,0.164,5000,7052,1000,7052,0
DELAY-CC (latency-aware),205.0,0.0,0.159,5000,7052,1000,0,0
DELAY-CC (latency-aware),206.9,0.0,0.222,5000,7052,1000,7052,0
DELAY-CC (latency-aware),210.3,0.0,0.161,5000,7052,1000,7052,0
DELAY-CC (latency-aware),202.6,0.0,0.209,5000,7052,1000,7052,0
DELAY-CC (latency-aware),203.0,0.0,0.161,5000,7052,1000,7052,0
DELAY-CC (latency-aware),199.7,0.0,0.209,5000,7052,1000,7052,0
DELAY-CC (latency-aware),200.5,0.0,0.161,5000,7052,1000,7052,0
DELAY-CC (latency-aware),206.2,0.0,0.159,5000,7052,1000,0,0
DELAY-CC (latency-aware),207.7,0.0,0.222,5000,7052,1000,7052,0
DELAY-CC (latency-aware),209.3,0.0,0.161,5000,7052,1000,7052,0
DELAY-CC (latency-aware),202.6,0.0,0.215,5000,7052,1000,7052,0
DELAY-CC (latency-aware),200.1,0.0,0.154,5000,7052,1000,0,0
DELAY-CC (latency-aware),205.9,0.0,0.209,5000,7052,1000,7052,0
DELAY-CC (latency-aware),210.0,0.0,0.164,5000,7052,1000,7052,0
DELAY-CC (latency-aware),209.6,0.0,0.164,5000,7052,1000,0,0
DELAY-CC (latency-aware),209.6,0.0,0.225,5000,7052,1000,7052,0
DELAY-CC (latency-aware),207.4,0.0,0.154,5000,7052,1000,0,0
DELAY-CC (latency-aware),206.5,0.0,0.215,5000,7052,1000,7052,0
DELAY-CC (latency-aware),203.9,0.0,0.166,5000,7052,1000,7052,0
DELAY-CC (latency-aware),207.1,0.0,0.169,5000,7052,1000,7052,0
DELAY-CC (latency-aware),206.6,0.0,0.169,5000,7052,1000,0,0
DELAY-CC (latency-aware),204.4,0.0,0.215,5000,7052,1000,7052,0
DELAY-CC (latency-aware),205.5,0.0,0.157,5000,7052,1000,7052,0
DELAY-CC (latency-aware),205.8,0.0,0.157,5000,7052,1000,0,0
DELAY-CC (latency-aware),204.5,0.0,0.215,5000,7052,1000,7052,0
DELAY-CC (latency-aware),209.0,0.0,0.164,5000,7052,1000,7052,0
DELAY-CC (latency-aware),206.1,0.0,0.161,5000,7052,1000,0,0
DELAY-CC (latency-aware),205.0,0.0,0.225,5000,7052,1000,7052,0
DELAY-CC (latency-aware),202.4,0.0,0.157,5000,7052,1000,0,0
DELAY-CC (latency-aware),200.9,0.0,0.225,5000,7052,1000,7052,0
DELAY-CC (latency-aware),208.9,0.0,0.159,5000,7052,1000,7052,0
DELAY-CC (latency-aware),206.8,0.0,0.206,5000,7052,1000,7052,0
DELAY-CC (latency-aware),204.0,0.0,0.155,5000,7052,1000,0,0
DELAY-CC (latency-aware),201.4,0.0,0.218,5000,7052,1000,7052,0
DELAY-CC (latency-aware),203.6,0.0,0.162,5000,7052,1000,0,0
DELAY-CC (latency-aware),206.4,0.0,0.225,5000,7052,1000,7052,0
DELAY-CC (latency-aware),205.0,0.0,0.159,5000,7052,1000,7052,0
DELAY-CC (latency-aware),199.1,0.0,0.218,5000,7052,1000,7052,0
DELAY-CC (latency-aware),203.0,0.0,0.169,5000,7052,1000,7052,0
DELAY-CC (latency-aware),203.6,0.0,0.157,5000,7052,1000,0,0
DELAY-CC (latency-aware),202.2,0.0,0.225,5000,7052,1000,7052,0
DELAY-CC (latency-aware),204.2,0.0,0.161,5000,7052,1000,7052,0
DELAY-CC (latency-aware),202.4,0.0,0.164,5000,7052,1000,0,0
DELAY-CC (latency-aware),198.0,0.0,0.218,5000,7052,1000,7052,0
DELAY-CC (latency-aware),203.3,0.0,0.166,5000,7052,1000,0,0
DELAY-CC (latency-aware),198.4,0.0,0.225,5000,7052,1000,7052,0
DELAY-CC (latency-aware),195.1,0.0,0.159,5000,7052,1000,0,0
DELAY-CC (latency-aware),198.2,0.0,0.212,5000,7052,1000,7052,0
DELAY-CC (latency-aware),203.5,0.0,0.164,5000,7052,1000,0,0
DELAY-CC (latency-aware),209.9,0.0,0.218,5000,7052,1000,7052,0
DELAY-CC (latency-aware),214.7,0.0,0.152,5000,7052,1000,7052,0
DELAY-CC (latency-aware),206.6,0.0,0.215,5000,7052,1000,7052,0
DELAY-CC (latency-aware),204.1,0.0,0.169,5000,7052,1000,7052,0
DELAY-CC (latency-aware),207.4,0.0,0.166,5000,7052,1000,0,0
DELAY-CC (latency-aware),202.9,0.0,0.209,5000,7052,1000,7052,0
DELAY-CC (latency-aware),199.6,0.0,0.166,5000,7052,1000,0,0
DELAY-CC (latency-aware),198.1,0.0,0.225,5000,7052,1000,7052,0
DELAY-CC (latency-aware),198.2,0.0,0.161,5000,7052,1000,7052,0
DELAY-CC (latency-aware),201.3,0.0,0.161,5000,7052,1000,0,0
DELAY-CC (latency-aware),206.4,0.0,0.212,5000,7052,1000,7052,0
DELAY-CC (latency-aware),203.6,0.0,0.166,5000,7052,1000,7052,0
DELAY-CC (latency-aware),200.0,0.0,0.169,5000,7052,1000,0,0
DELAY-CC (latency-aware),201.4,0.0,0.225,5000,7052,1000,7052,0
DELAY-CC (latency-aware),205.4,0.0,0.157,5000,7052,1000,7052,0
DELAY-CC (latency-aware),201.8,0.0,0.209,5000,7052,1000,7052,0
DELAY-CC (latency-aware),197.3,0.0,0.155,5000,7052,1000,0,0
DELAY-CC (latency-aware),202.2,0.0,0.212,5000,7052,1000,7052,0
DELAY-CC (latency-aware),204.5,0.0,0.166,5000,7052,1000,0,0
DELAY-CC (latency-aware),205.8,0.0,0.218,5000,7052,1000,7052,0
DELAY-CC (latency-aware),202.9,0.0,0.166,5000,7052,1000,7052,0
DELAY-CC (latency-aware),198.1,0.0,0.169,5000,7052,1000,0,0
DELAY-CC (latency-aware),194.7,0.0,0.209,5000,7052,1000,7052,0
PPO AGENT (trained RL),197.0,0.0,0.164,6000,7052,1000,0,0
PPO AGENT (trained RL),204.5,0.0,0.218,5000,7050,1000,7050,0
PPO AGENT (trained RL),204.0,0.0,0.169,5000,7050,1000,7050,0
PPO AGENT (trained RL),199.9,0.0,0.169,5000,7050,1000,0,0
PPO AGENT (trained RL),199.9,0.0,0.222,5000,7050,1000,7050,0
PPO AGENT (trained RL),197.7,0.0,0.157,5000,7050,1000,0,0
PPO AGENT (trained RL),199.3,0.0,0.222,5000,7050,1000,7050,0
PPO AGENT (trained RL),197.3,0.0,0.166,5000,7050,1000,7050,0
PPO AGENT (trained RL),199.9,0.0,0.161,5000,7050,1000,0,0
PPO AGENT (trained RL),197.3,0.0,0.212,5000,7050,1000,7050,0
PPO AGENT (trained RL),196.0,0.0,0.169,5000,7050,1000,0,0
PPO AGENT (trained RL),201.8,0.0,0.215,5000,7050,1000,7050,0
PPO AGENT (trained RL),205.4,0.0,0.164,5000,7050,1000,7050,0
PPO AGENT (trained RL),207.8,0.0,0.166,5000,7050,1000,0,0
PPO AGENT (trained RL),204.0,0.0,0.215,5000,7050,1000,7050,0
PPO AGENT (trained RL),203.8,0.0,0.161,5000,7050,1000,7050,0
PPO AGENT (trained RL),212.3,0.0,0.159,5000,7050,1000,0,0
PPO AGENT (trained RL),212.2,0.0,0.215,5000,7050,1000,7050,0
PPO AGENT (trained RL),209.2,0.0,0.166,5000,7050,1000,7050,0
PPO AGENT (trained RL),206.1,0.0,0.166,5000,7050,1000,0,0
PPO AGENT (trained RL),212.4,0.0,0.161,5000,7050,1000,0,0
PPO AGENT (trained RL),209.3,0.0,0.209,5000,7050,1000,7050,0
PPO AGENT (trained RL),207.6,0.0,0.164,5000,7050,1000,7050,0
PPO AGENT (trained RL),209.4,0.0,0.166,5000,7050,1000,0,0
PPO AGENT (trained RL),203.5,0.0,0.215,5000,7050,1000,7050,0
PPO AGENT (trained RL),204.5,0.0,0.166,5000,7050,1000,7050,0
PPO AGENT (trained RL),206.0,0.0,0.157,5000,7050,1000,0,0
PPO AGENT (trained RL),204.5,0.0,0.222,5000,7050,1000,7050,0
PPO AGENT (trained RL),198.5,0.0,0.169,5000,7050,1000,7050,0
PPO AGENT (trained RL),201.4,0.0,0.159,5000,7050,1000,0,0
PPO AGENT (trained RL),198.6,0.0,0.209,5000,7050,1000,7050,0
PPO AGENT (trained RL),205.6,0.0,0.159,5000,7050,1000,0,0
PPO AGENT (trained RL),202.5,0.0,0.212,5000,7050,1000,7050,0
PPO AGENT (trained RL),204.5,0.0,0.161,5000,7050,1000,0,0
PPO AGENT (trained RL),204.7,0.0,0.225,5000,7050,1000,7050,0
PPO AGENT (trained RL),204.0,0.0,0.164,5000,7050,1000,7050,0
PPO AGENT (trained RL),203.4,0.0,0.166,5000,7050,1000,0,0
PPO AGENT (trained RL),201.4,0.0,0.225,5000,7050,1000,7050,0
PPO AGENT (trained RL),200.3,0.0,0.164,5000,7050,1000,7050,0
PPO AGENT (trained RL),204.1,0.0,0.169,5000,7050,1000,0,0
PPO AGENT (trained RL),201.7,0.0,0.215,5000,7050,1000,7050,0
PPO AGENT (trained RL),203.9,0.0,0.169,5000,7050,1000,7050,0
PPO AGENT (trained RL),207.2,0.0,0.164,5000,7050,1000,0,0
PPO AGENT (trained RL),209.3,0.0,0.222,5000,7050,1000,7050,0
PPO AGENT (trained RL),210.9,0.0,0.164,5000,7050,1000,7050,0
PPO AGENT (trained RL),208.8,0.0,0.161,5000,7050,1000,0,0
PPO AGENT (trained RL),208.3,0.0,0.215,5000,7050,1000,7050,0
PPO AGENT (trained RL),201.1,0.0,0.161,5000,7050,1000,0,0
PPO AGENT (trained RL),203.9,0.0,0.222,5000,7050,1000,7050,0
PPO AGENT (trained RL),198.6,0.0,0.154,5000,7050,1000,0,0
PPO AGENT (trained RL),198.8,0.0,0.206,5000,7050,1000,7050,0
PPO AGENT (trained RL),201.9,0.0,0.159,5000,7050,1000,0,0
PPO AGENT (trained RL),204.1,0.0,0.212,5000,7050,1000,7050,0
PPO AGENT (trained RL),208.9,0.0,0.159,5000,7050,1000,7050,0
PPO AGENT (trained RL),205.9,0.0,0.209,5000,7050,1000,7050,0
PPO AGENT (trained RL),209.1,0.0,0.166,5000,7050,1000,7050,0
PPO AGENT (trained RL),212.6,0.0,0.157,5000,7050,1000,0,0
PPO AGENT (trained RL),210.0,0.0,0.215,5000,7050,1000,7050,0
PPO AGENT (trained RL),206.5,0.0,0.166,5000,7050,1000,7050,0
PPO AGENT (trained RL),210.9,0.0,0.164,5000,7050,1000,0,0
PPO AGENT (trained RL),207.6,0.0,0.222,5000,7050,1000,7050,0
PPO AGENT (trained RL),207.5,0.0,0.164,5000,7050,1000,7050,0
PPO AGENT (trained RL),209.5,0.0,0.159,5000,7050,1000,0,0
PPO AGENT (trained RL),205.8,0.0,0.218,5000,7050,1000,7050,0
PPO AGENT (trained RL),207.1,0.0,0.164,5000,7050,1000,7050,0
PPO AGENT (trained RL),202.3,0.0,0.166,5000,7050,1000,0,0
PPO AGENT (trained RL),208.0,0.0,0.212,5000,7050,1000,7050,0
PPO AGENT (trained RL),208.4,0.0,0.164,5000,7050,1000,7050,0
PPO AGENT (trained RL),210.2,0.0,0.169,5000,7050,1000,0,0
PPO AGENT (trained RL),205.1,0.0,0.222,5000,7050,1000,7050,0
PPO AGENT (trained RL),199.7,0.0,0.166,5000,7050,1000,7050,0
PPO AGENT (trained RL),198.7,0.0,0.166,5000,7050,1000,0,0
PPO AGENT (trained RL),204.1,0.0,0.218,5000,7050,1000,7050,0
PPO AGENT (trained RL),202.3,0.0,0.169,5000,7050,1000,7050,0
PPO AGENT (trained RL),204.5,0.0,0.164,5000,7050,1000,0,0
PPO AGENT (trained RL),202.5,0.0,0.209,5000,7050,1000,7050,0
PPO AGENT (trained RL),201.4,0.0,0.169,5000,7050,1000,0,0
PPO AGENT (trained RL),197.2,0.0,0.225,5000,7050,1000,7050,0
PPO AGENT (trained RL),201.2,0.0,0.157,5000,7050,1000,7050,0
PPO AGENT (trained RL),206.6,0.0,0.157,5000,7050,1000,0,0
PPO AGENT (trained RL),204.0,0.0,0.222,5000,7050,1000,7050,0
PPO AGENT (trained RL),200.4,0.0,0.152,5000,7050,1000,0,0
PPO AGENT (trained RL),206.9,0.0,0.218,5000,7050,1000,7050,0
PPO AGENT (trained RL),206.9,0.0,0.166,5000,7050,1000,7050,0
PPO AGENT (trained RL),208.9,0.0,0.159,5000,7050,1000,0,0
PPO AGENT (trained RL),211.4,0.0,0.206,5000,7050,1000,7050,0
PPO AGENT (trained RL),210.9,0.0,0.159,5000,7050,1000,7050,0
PPO AGENT (trained RL),205.1,0.0,0.169,5000,7050,1000,0,0
PPO AGENT (trained RL),199.2,0.0,0.209,5000,7050,1000,7050,0
PPO AGENT (trained RL),198.6,0.0,0.164,5000,7050,1000,0,0
PPO AGENT (trained RL),201.6,0.0,0.203,5000,7050,1000,7050,0
PPO AGENT (trained RL),202.9,0.0,0.161,5000,7050,1000,0,0
PPO AGENT (trained RL),208.7,0.0,0.212,5000,7050,1000,7050,0
PPO AGENT (trained RL),212.5,0.0,0.169,5000,7050,1000,7050,0
PPO AGENT (trained RL),210.9,0.0,0.164,5000,7050,1000,7050,0
PPO AGENT (trained RL),209.7,0.0,0.164,5000,7050,1000,0,0
PPO AGENT (trained RL),201.1,0.0,0.222,5000,7050,1000,7050,0
PPO AGENT (trained RL),201.8,0.0,0.166,5000,7050,1000,7050,0
PPO AGENT (trained RL),205.7,0.0,0.155,5000,7050,1000,0,0
PPO AGENT (trained RL),204.1,0.0,0.225,5000,7050,1000,7050,0
PPO AGENT (trained RL),203.7,0.0,0.157,5000,7050,1000,0,0
PPO AGENT (trained RL),200.5,0.0,0.225,5000,7050,1000,7050,0
PPO AGENT (trained RL),203.3,0.0,0.161,5000,7050,1000,7050,0
PPO AGENT (trained RL),202.9,0.0,0.206,5000,7050,1000,7050,0
PPO AGENT (trained RL),202.3,0.0,0.169,5000,7050,1000,7050,0
PPO AGENT (trained RL),203.9,0.0,0.166,5000,7050,1000,0,0
PPO AGENT (trained RL),198.5,0.0,0.209,5000,7050,1000,7050,0
PPO AGENT (trained RL),198.8,0.0,0.206,5000,7050,1000,7050,0
PPO AGENT (trained RL),200.6,0.0,0.166,5000,7050,1000,7050,0
PPO AGENT (trained RL),203.5,0.0,0.161,5000,7050,1000,0,0
PPO AGENT (trained RL),210.8,0.0,0.212,5000,7050,1000,7050,0
PPO AGENT (trained RL),207.9,0.0,0.164,5000,7050,1000,7050,0
PPO AGENT (trained RL),201.4,0.0,0.164,5000,7050,1000,0,0
PPO AGENT (trained RL),199.8,0.0,0.222,5000,7050,1000,7050,0
PPO AGENT (trained RL),198.9,0.0,0.155,5000,7050,1000,0,0
PPO AGENT (trained RL),202.3,0.0,0.222,5000,7050,1000,7050,0
PPO AGENT (trained RL),202.8,0.0,0.161,5000,7050,1000,7050,0
PPO AGENT (trained RL),201.0,0.0,0.206,5000,7050,1000,7050,0
PPO AGENT (trained RL),196.6,0.0,0.164,5000,7050,1000,7050,0
PPO AGENT (trained RL),203.9,0.0,0.166,5000,7050,1000,0,0
PPO AGENT (trained RL),204.3,0.0,0.222,5000,7050,1000,7050,0
PPO AGENT (trained RL),207.7,0.0,0.164,5000,7050,1000,7050,0
PPO AGENT (trained RL),206.4,0.0,0.159,5000,7050,1000,0,0
PPO AGENT (trained RL),202.8,0.0,0.212,5000,7050,1000,7050,0
PPO AGENT (trained RL),205.8,0.0,0.164,5000,7050,1000,0,0
PPO AGENT (trained RL),204.5,0.0,0.212,5000,7050,1000,7050,0
PPO AGENT (trained RL),202.0,0.0,0.169,5000,7050,1000,7050,0
PPO AGENT (trained RL),202.3,0.0,0.166,5000,7050,1000,0,0
PPO AGENT (trained RL),199.4,0.0,0.209,5000,7050,1000,7050,0
PPO AGENT (trained RL),204.2,0.0,0.159,5000,7050,1000,0,0
PPO AGENT (trained RL),206.4,0.0,0.215,5000,7050,1000,7050,0
PPO AGENT (trained RL),205.2,0.0,0.161,5000,7050,1000,7050,0
PPO AGENT (trained RL),207.5,0.0,0.161,5000,7050,1000,0,0
PPO AGENT (trained RL),208.7,0.0,0.212,5000,7050,1000,7050,0
PPO AGENT (trained RL),201.6,0.0,0.161,5000,7050,1000,0,0
PPO AGENT (trained RL),198.9,0.0,0.215,5000,7050,1000,7050,0
PPO AGENT (trained RL),203.7,0.0,0.164,5000,7050,1000,7050,0
PPO AGENT (trained RL),205.6,0.0,0.164,5000,7050,1000,0,0
PPO AGENT (trained RL),204.7,0.0,0.215,5000,7050,1000,7050,0
PPO AGENT (trained RL),201.0,0.0,0.161,5000,7050,1000,7050,0
PPO AGENT (trained RL),204.8,0.0,0.166,5000,7050,1000,0,0
PPO AGENT (trained RL),213.3,0.0,0.169,5000,7050,1000,0,0
PPO AGENT (trained RL),215.7,0.0,0.215,5000,7050,1000,7050,0
PPO AGENT (trained RL),216.2,0.0,0.154,5000,7050,1000,7050,0
PPO AGENT (trained RL),213.8,0.0,0.166,5000,7050,1000,0,0
PPO AGENT (trained RL),210.5,0.0,0.212,5000,7050,1000,7050,0
PPO AGENT (trained RL),211.8,0.0,0.164,5000,7050,1000,7050,0
PPO AGENT (trained RL),207.2,0.0,0.166,5000,7050,1000,0,0
PPO AGENT (trained RL),203.7,0.0,0.225,5000,7050,1000,7050,0
PPO AGENT (trained RL),205.4,0.0,0.161,5000,7050,1000,7050,0
PPO AGENT (trained RL),205.4,0.0,0.164,5000,7050,1000,0,0
PPO AGENT (trained RL),205.7,0.0,0.222,5000,7050,1000,7050,0
PPO AGENT (trained RL),204.6,0.0,0.166,5000,7050,1000,7050,0
PPO AGENT (trained RL),202.8,0.0,0.159,5000,7050,1000,0,0
PPO AGENT (trained RL),205.7,0.0,0.218,5000,7050,1000,7050,0
PPO AGENT (trained RL),207.5,0.0,0.164,5000,7050,1000,7050,0
PPO AGENT (trained RL),202.1,0.0,0.209,5000,7050,1000,7050,0
PPO AGENT (trained RL),202.4,0.0,0.166,5000,7050,1000,7050,0
PPO AGENT (trained RL),200.8,0.0,0.169,5000,7050,1000,0,0
PPO AGENT (trained RL),204.4,0.0,0.212,5000,7050,1000,7050,0
PPO AGENT (trained RL),203.7,0.0,0.164,5000,7050,1000,7050,0
PPO AGENT (trained RL),203.4,0.0,0.164,5000,7050,1000,0,0
PPO AGENT (trained RL),205.1,0.0,0.218,5000,7050,1000,7050,0
PPO AGENT (trained RL),204.6,0.0,0.161,5000,7050,1000,7050,0
PPO AGENT (trained RL),208.1,0.0,0.157,5000,7050,1000,0,0
PPO AGENT (trained RL),205.7,0.0,0.206,5000,7050,1000,7050,0
PPO AGENT (trained RL),200.7,0.0,0.215,5000,7050,1000,7050,0
PPO AGENT (trained RL),197.8,0.0,0.154,5000,7050,1000,0,0
PPO AGENT (trained RL),206.7,0.0,0.212,5000,7050,1000,7050,0
PPO AGENT (trained RL),206.9,0.0,0.166,5000,7050,1000,7050,0
PPO AGENT (trained RL),208.8,0.0,0.155,5000,7050,1000,0,0
PPO AGENT (trained RL),207.9,0.0,0.225,5000,7050,1000,7050,0
PPO AGENT (trained RL),206.4,0.0,0.169,5000,7050,1000,7050,0
PPO AGENT (trained RL),205.8,0.0,0.169,5000,7050,1000,0,0
PPO AGENT (trained RL),203.3,0.0,0.225,5000,7050,1000,7050,0
PPO AGENT (trained RL),199.9,0.0,0.166,5000,7050,1000,7050,0
PPO AGENT (trained RL),200.9,0.0,0.169,5000,7050,1000,0,0
PPO AGENT (trained RL),203.3,0.0,0.218,5000,7050,1000,7050,0
PPO AGENT (trained RL),205.2,0.0,0.164,5000,7050,1000,7050,0
PPO AGENT (trained RL),204.5,0.0,0.164,5000,7050,1000,0,0
PPO AGENT (trained RL),209.2,0.0,0.169,5000,7050,1000,0,0
PPO AGENT (trained RL),211.2,0.0,0.215,5000,7050,1000,7050,0
PPO AGENT (trained RL),206.6,0.0,0.155,5000,7050,1000,0,0
PPO AGENT (trained RL),204.0,0.0,0.218,5000,7050,1000,7050,0
PPO AGENT (trained RL),202.2,0.0,0.161,5000,7050,1000,0,0
PPO AGENT (trained RL),191.7,0.0,0.206,5000,7050,1000,7050,0
PPO AGENT (trained RL),199.0,0.0,0.161,5000,7050,1000,0,0
PPO AGENT (trained RL),204.3,0.0,0.222,5000,7050,1000,7050,0
PPO AGENT (trained RL),203.4,0.0,0.166,5000,7050,1000,7050,0
PPO AGENT (trained RL),203.1,0.0,0.157,5000,7050,1000,0,0
PPO AGENT (trained RL),207.0,0.0,0.222,5000,7050,1000,7050,0
PPO AGENT (trained RL),208.8,0.0,0.161,5000,7050,1000,7050,0
PPO AGENT (trained RL),203.5,0.0,0.164,5000,7050,1000,0,0
PPO AGENT (trained RL),202.7,0.0,0.222,5000,7050,1000,7050,0
PPO AGENT (trained RL),212.7,0.0,0.152,5000,7050,1000,7050,0
PPO AGENT (trained RL),212.7,0.0,0.0,5000,7050,1000,0,0
PPO AGENT (trained RL),212.7,0.0,0.0,5000,7050,1000,0,0
PPO AGENT (trained RL),212.7,0.0,0.0,5000,7050,1000,0,0
PPO AGENT (trained RL),212.7,0.0,0.0,5000,7050,1000,0,0
PPO AGENT (trained RL),212.7,0.0,0.0,5000,7050,1000,0,0
PPO AGENT (trained RL),212.7,0.0,0.0,5000,7050,1000,0,0
PPO AGENT (trained RL),212.7,0.0,0.0,5000,7050,1000,0,0
PPO AGENT (trained RL),212.7,0.0,0.0,5000,7050,1000,0,0
